{
  "neural_network": {
    "train_r2": 0.6076519875011344,
    "test_r2": 0.38436070108683873,
    "mae": 0.40422820782661434,
    "mse": 0.25588370256096743,
    "rmse": 0.5058494860736417
  },
  "random_forest": {
    "train_r2": 0.9266496765714177,
    "test_r2": 0.7120477117256385,
    "mae": 0.27280022003052073,
    "mse": 0.11968420114606734,
    "rmse": 0.3459540448470972
  },
  "xgboost": {
    "train_r2": 0.9754311460299628,
    "test_r2": 0.6947748620595142,
    "mae": 0.2787303323745728,
    "mse": 0.1268634711084456,
    "rmse": 0.35617898746058224
  }
}